{
    "_failed Repos": {
        "FalseNeg": [
            "1804.04128",
            "1504.07433",
            "1912.12055",
            "2007.16196",
            "2203.01044",
            "2303.10439"
        ],
        "FalsePos": []
    },
    "f1_score": 0.9577464788732395,
    "precision": 1.0,
    "recall": 0.918918918918919
}